CBPDCNFL-N48GE2B-RT01;CBPDCNFL-N48GE2B-RT01
CBPDCNFL-N48GE2B-RT02;CBPDCNFL-N48GE2B-RT01
CBPDCNFL-N48GE2A-RT01;CBPDCNFL-N48GE2A-RT01
CBPDCNFL-N48GE2A-RT02;CBPDCNFL-N48GE2A-RT01
CBPDCNFL-N48GE2B-RT03;CBPDCNFL-N48GE2B-RT03
CBPDCNFL-N48GE2B-RT04;CBPDCNFL-N48GE2B-RT03
CBPDCNCL-N48GE2B-RT03;CBPDCNCL-N48GE2B-RT03
CBPDCNCL-N48GE2B-RT04;CBPDCNCL-N48GE2B-RT03
CBPDCNFL-N48GE2C-RT03;CBPDCNFL-N48GE2C-RT03
CBPDCNFL-N48GE2C-RT04;CBPDCNFL-N48GE2C-RT03
CBPDCNCL-N48GE2C-RT03;CBPDCNCL-N48GE2C-RT03
CBPDCNCL-N48GE2C-RT04;CBPDCNCL-N48GE2C-RT03
CBPDCNCL-N48GE2A-RT01;CBPDCNCL-N48GE2A-RT01
CBPDCNCL-N48GE2A-RT02;CBPDCNCL-N48GE2A-RT01
CBPDCNCL-N48GE2C-RT01;CBPDCNCL-N48GE2C-RT01
CBPDCNCL-N48GE2C-RT02;CBPDCNCL-N48GE2C-RT01
CBPDCNCL-N48GE2C-RT05;CBPDCNCL-N48GE2C-RT05
CBPDCNCL-N48GE2C-RT06;CBPDCNCL-N48GE2C-RT05
CBPDCNFL-N48GE2C-RT05;CBPDCNFL-N48GE2C-RT05
CBPDCNFL-N48GE2C-RT06;CBPDCNFL-N48GE2C-RT05
CBPDCNCL-N48GE2B-RT05;CBPDCNCL-N48GE2B-RT05
CBPDCNCL-N48GE2B-RT06;CBPDCNCL-N48GE2B-RT05
CBPDCNFL-N48GE2B-RT05;CBPDCNFL-N48GE2B-RT05
CBPDCNFL-N48GE2B-RT06;CBPDCNFL-N48GE2B-RT05
CBPDCNFL-N48GE2B-RT07;CBPDCNFL-N48GE2B-RT07
CBPDCNFL-N48GE2B-RT08;CBPDCNFL-N48GE2B-RT07
CBPDCNFL-N09IRH2-RT01;CBPDCNFL-N09IRH2-RT01
CBPDCNFL-N09IRH2-RT02;CBPDCNFL-N09IRH2-RT01
CBPDCNCL-N09IRH1-RT01;CBPDCNCL-N09IRH1-RT01
CBPDCNCL-N09IRH1-RT02;CBPDCNCL-N09IRH1-RT01
CBPDCNFL-N09IRH1-RT03;CBPDCNFL-N09IRH1-RT03
CBPDCNFL-N09IRH1-RT04;CBPDCNFL-N09IRH1-RT03
CBPDCNCL-N09IRH2-RT01;CBPDCNCL-N09IRH2-RT01
CBPDCNCL-N09IRH2-RT02;CBPDCNCL-N09IRH2-RT01
CBPDCNFL-N09IRH2-RT03;CBPDCNFL-N09IRH2-RT03
CBPDCNFL-N09IRH2-RT04;CBPDCNFL-N09IRH2-RT03
CBPDCNCL-N09IRH2-RT03;CBPDCNCL-N09IRH2-RT03
CBPDCNCL-N09IRH2-RT04;CBPDCNCL-N09IRH2-RT03
CBPDCNFL-N09IRH2-RT05;CBPDCNFL-N09IRH2-RT05
CBPDCNFL-N09IRH2-RT06;CBPDCNFL-N09IRH2-RT05
CBPDCNFL-N09IRH1-RT01;CBPDCNFL-N09IRH1-RT01
CBPDCNFL-N09IRH1-RT02;CBPDCNFL-N09IRH1-RT01
CBPDCNFL-N09IRH1-RT07;CBPDCNFL-N09IRH1-RT07
CBPDCNFL-N09IRH2-RT07;CBPDCNFL-N09IRH1-RT07
CBSDCNCL-N09IRS1-RT01;CBSDCNCL-N09IRS1-RT01
CBSDCNCL-N09IRS1-RT02;CBSDCNCL-N09IRS1-RT01
CBSDCNFL-N09IRS1-RT01;CBSDCNFL-N09IRS1-RT01
CBSDCNFL-N09IRS1-RT02;CBSDCNFL-N09IRS1-RT01
CBPDCNNC-N09IRH2-RT01;CBPDCNNC-N09IRH2-RT01
CBPDCNNC-N09IRH2-RT02;CBPDCNNC-N09IRH2-RT01
CBPDCNCL-N09IRH1-RT03;CBPDCNCL-N09IRH1-RT03
CBPDCNCL-N09IRH1-RT04;CBPDCNCL-N09IRH1-RT03
CBPDCNNC-N48GE2C-RT01;CBPDCNNC-N48GE2C-RT01
CBPDCNNC-N48GE2C-RT02;CBPDCNNC-N48GE2C-RT01
CBPDCNCL-N48GE2B-RT07;CBPDCNCL-N48GE2B-RT07
CBPDCNCL-N48GE2B-RT08;CBPDCNCL-N48GE2B-RT07
CBPDCNFL-N48GE2C-RT09;CBPDCNFL-N48GE2C-RT09
CBPDCNFL-N48GE2C-RT10;CBPDCNFL-N48GE2C-RT09
CBPDCNNC-N48GE2A-RT01;CBPDCNNC-N48GE2A-RT01
CBPDCNNC-N48GE2A-RT02;CBPDCNNC-N48GE2A-RT01
CBPDCNNC-N09IRH1-RT01;CBPDCNNC-N09IRH1-RT01
CBPDCNNC-N09IRH1-RT02;CBPDCNNC-N09IRH1-RT01
CBPDCNCL-N48GE2C-RT07;CBPDCNCL-N48GE2C-RT07
CBPDCNCL-N48GE2C-RT08;CBPDCNCL-N48GE2C-RT07
CBPDCNCL-N09IRH2-RT05;CBPDCNCL-N09IRH2-RT05
CBPDCNCL-N09IRH2-RT06;CBPDCNCL-N09IRH2-RT05
CBPDCNCL-N09IRH2-RT09;CBPDCNCL-N09IRH2-RT09
CBPDCNCL-N09IRH2-RT10;CBPDCNCL-N09IRH2-RT09
CBPDCNCL-N48GE2A-RT05;CBPDCNCL-N48GE2A-RT05
CBPDCNCL-N48GE2A-RT06;CBPDCNCL-N48GE2A-RT05
CBPDCNCL-N09IRH2-RT13;CBPDCNCL-N09IRH2-RT13
CBPDCNCL-N09IRH2-RT14;CBPDCNCL-N09IRH2-RT13
CBPDCNCL-N48GE2C-RT09;CBPDCNCL-N48GE2C-RT09
CBPDCNCL-N48GE2C-RT10;CBPDCNCL-N48GE2C-RT09
CBPDCNNL-N48GE2C-RT01;CBPDCNNL-N48GE2C-RT01
CBPDCNNL-N48GE2C-RT02;CBPDCNNL-N48GE2C-RT01
CBPDCNNL-N09IRH2-RT01;CBPDCNNL-N09IRH2-RT01
CBPDCNNL-N09IRH2-RT02;CBPDCNNL-N09IRH2-RT01
CBPDCNFL-N48GE2A-RT03;CBPDCNFL-N48GE2A-RT03
CBPDCNFL-N48GE2A-RT04;CBPDCNFL-N48GE2A-RT03
CBPDCNNC-N09IRH2-RT03;CBPDCNNC-N09IRH2-RT03
CBPDCNNC-N09IRH2-RT04;CBPDCNNC-N09IRH2-RT03
CBPDCNNC-N48GE2B-RT01;CBPDCNNC-N48GE2B-RT01
CBPDCNNC-N48GE2B-RT02;CBPDCNNC-N48GE2B-RT01
CBPDCNFL-N09IRH2-RT11;CBPDCNFL-N09IRH2-RT11
CBPDCNFL-N09IRH2-RT12;CBPDCNFL-N09IRH2-RT11
CBPDCNCL-N09IRH2-RT17;CBPDCNCL-N09IRH2-RT17
CBPDCNCL-N09IRH2-RT18;CBPDCNCL-N09IRH2-RT17
