CBPDCNCL-N09IRH1-RT01;10.89.0.35
CBPDCNCL-N09IRH1-RT02;10.89.0.36
CBPDCNCL-N09IRH1-RT03;10.89.0.55
CBPDCNCL-N09IRH1-RT04;10.89.0.56
CBPDCNCL-N09IRH1-RT09;10.89.0.67
CBPDCNCL-N09IRH1-RT10;10.89.0.68
CBPDCNCL-N09IRH2-RT01;10.89.0.39
CBPDCNCL-N09IRH2-RT02;10.89.0.40
CBPDCNCL-N09IRH2-RT03;10.89.0.43
CBPDCNCL-N09IRH2-RT04;10.89.0.44
CBPDCNCL-N09IRH2-RT05;10.89.0.65
CBPDCNCL-N09IRH2-RT06;10.89.0.66
CBPDCNCL-N09IRH2-RT07;10.89.0.69
CBPDCNCL-N09IRH2-RT08;10.89.0.70
CBPDCNCL-N09IRH2-RT09;10.89.0.61
CBPDCNCL-N09IRH2-RT10;10.89.0.62
CBPDCNCL-N09IRH2-RT11;10.89.0.63
CBPDCNCL-N09IRH2-RT12;10.89.0.64
CBPDCNCL-N09IRH2-RT13;10.89.0.75
CBPDCNCL-N09IRH2-RT14;10.89.0.76
CBPDCNCL-N09IRH2-RT17;10.89.0.89
CBPDCNCL-N09IRH2-RT18;10.89.0.90
CBPDCNCL-N48GE2A-RT01;10.88.0.47
CBPDCNCL-N48GE2A-RT02;10.88.0.48
CBPDCNCL-N48GE2A-RT03;10.88.0.77
CBPDCNCL-N48GE2A-RT04;10.88.0.78
CBPDCNCL-N48GE2A-RT05;10.88.0.85
CBPDCNCL-N48GE2A-RT06;10.88.0.86
CBPDCNCL-N48GE2A-RT07;10.88.0.87
CBPDCNCL-N48GE2A-RT08;10.88.0.88
CBPDCNCL-N48GE2B-RT03;10.88.0.41
CBPDCNCL-N48GE2B-RT04;10.88.0.42
CBPDCNCL-N48GE2B-RT05;10.88.0.59
CBPDCNCL-N48GE2B-RT06;10.88.0.60
CBPDCNCL-N48GE2B-RT07;10.88.0.67
CBPDCNCL-N48GE2B-RT08;10.88.0.68
CBPDCNCL-N48GE2B-RT09;10.88.0.89
CBPDCNCL-N48GE2B-RT10;10.88.0.90
CBPDCNCL-N48GE2C-RT01;10.88.0.53
CBPDCNCL-N48GE2C-RT02;10.88.0.54
CBPDCNCL-N48GE2C-RT03;10.88.0.45
CBPDCNCL-N48GE2C-RT04;10.88.0.46
CBPDCNCL-N48GE2C-RT05;10.88.0.55
CBPDCNCL-N48GE2C-RT06;10.88.0.56
CBPDCNCL-N48GE2C-RT07;10.88.0.71
CBPDCNCL-N48GE2C-RT08;10.88.0.72
CBPDCNCL-N48GE2C-RT09;10.88.0.73
CBPDCNCL-N48GE2C-RT10;10.88.0.74
CBPDCNDL-N09IRH1-RT01;10.89.0.23
CBPDCNDL-N09IRH2-RT01;10.89.0.24
CBPDCNDL-N48GE2B-RT01;10.88.0.23
CBPDCNDL-N48GE2C-RT01;10.88.0.24
CBPDCNDO-N09IRH1-OTV-01;10.89.0.21
CBPDCNDO-N09IRH1-RT01;10.89.0.27
CBPDCNDO-N09IRH2-OTV-02;10.89.0.22
CBPDCNDO-N09IRH2-RT01;10.89.0.28
CBPDCNDO-N48GE2B-OTV-01;10.88.0.21
CBPDCNDO-N48GE2B-RT01;10.88.0.27
CBPDCNDO-N48GE2C-OTV-02;10.88.0.22
CBPDCNDO-N48GE2C-RT01;10.88.0.28
CBPDCNDR-N09IRH1-RT01;10.89.0.25
CBPDCNDR-N09IRH2-RT01;10.89.0.26
CBPDCNDR-N48GE2B-RT01;10.88.0.25
CBPDCNDR-N48GE2C-RT01;10.88.0.26
CBPDCNEL-N09IRH1-RT01;10.89.0.15
CBPDCNEL-N09IRH2-RT01;10.89.0.16
CBPDCNEL-N48GE2B-RT01;10.88.0.15
CBPDCNEL-N48GE2C-RT01;10.88.0.16
CBPDCNFL-N09IRH1-RT01;10.89.0.49
CBPDCNFL-N09IRH1-RT02;10.89.0.50
CBPDCNFL-N09IRH1-RT03;10.89.0.37
CBPDCNFL-N09IRH1-RT04;10.89.0.38
CBPDCNFL-N09IRH1-RT07;10.89.0.51
CBPDCNFL-N09IRH1-RT09;10.89.0.71
CBPDCNFL-N09IRH1-RT10;10.89.0.72
CBPDCNFL-N09IRH2-RT01;10.89.0.31
CBPDCNFL-N09IRH2-RT02;10.89.0.32
CBPDCNFL-N09IRH2-RT03;10.89.0.41
CBPDCNFL-N09IRH2-RT04;10.89.0.42
CBPDCNFL-N09IRH2-RT05;10.89.0.47
CBPDCNFL-N09IRH2-RT06;10.89.0.48
CBPDCNFL-N09IRH2-RT07;10.89.0.52
CBPDCNFL-N09IRH2-RT09;10.89.0.53
CBPDCNFL-N09IRH2-RT10;10.89.0.54
CBPDCNFL-N48GE2A-RT01;10.88.0.35
CBPDCNFL-N48GE2A-RT02;10.88.0.36
CBPDCNFL-N48GE2A-RT03;10.88.0.75
CBPDCNFL-N48GE2A-RT04;10.88.0.76
CBPDCNFL-N48GE2B-RT01;10.88.0.31
CBPDCNFL-N48GE2B-RT02;10.88.0.32
CBPDCNFL-N48GE2B-RT03;10.88.0.39
CBPDCNFL-N48GE2B-RT04;10.88.0.40
CBPDCNFL-N48GE2B-RT05;10.88.0.61
CBPDCNFL-N48GE2B-RT06;10.88.0.62
CBPDCNFL-N48GE2B-RT07;10.88.0.63
CBPDCNFL-N48GE2B-RT08;10.88.0.64
CBPDCNFL-N48GE2C-RT05;10.88.0.57
CBPDCNFL-N48GE2C-RT06;10.88.0.58
CBPDCNFL-N48GE2C-RT07;10.88.0.65
CBPDCNFL-N48GE2C-RT08;10.88.0.66
CBPDCNFL-N48GE2C-RT09;10.88.0.69
CBPDCNFL-N48GE2C-RT10;10.88.0.70
CBPDCNML-N09IRH1-RT01;10.89.0.79
CBPDCNML-N09IRH1-RT02;10.89.0.81
CBPDCNML-N09IRH1-RT03;10.89.0.83
CBPDCNML-N09IRH2-RT01;10.89.0.80
CBPDCNML-N09IRH2-RT02;10.89.0.82
CBPDCNML-N09IRH2-RT03;10.89.0.84
CBPDCNML-N48GEL1-RT01;10.88.0.79
CBPDCNML-N48GEL1-RT02;10.88.0.80
CBPDCNML-N48GEL1-RT03;10.88.0.81
CBPDCNML-N48GEL1-RT04;10.88.0.82
CBPDCNML-N48GEL1-RT05;10.88.0.83
CBPDCNML-N48GEL1-RT06;10.88.0.84
CBPDCNNC-N09IRH1-RT01;10.89.0.73
CBPDCNNC-N09IRH1-RT02;10.89.0.74
CBPDCNNC-N09IRH2-RT01;10.89.0.45
CBPDCNNC-N09IRH2-RT02;10.89.0.46
CBPDCNNC-N09IRH2-RT03;10.89.0.85
CBPDCNNC-N09IRH2-RT04;10.89.0.86
CBPDCNNC-N48GE2A-RT01;10.88.0.37
CBPDCNNC-N48GE2A-RT02;10.88.0.38
CBPDCNNC-N48GE2B-RT01;10.88.0.49
CBPDCNNC-N48GE2B-RT02;10.88.0.50
CBPDCNNC-N48GE2C-RT01;10.88.0.51
CBPDCNNC-N48GE2C-RT02;10.88.0.52
CBPDCNNL-N09IRH1-RT01;10.89.0.105
CBPDCNNL-N09IRH1-RT02;10.89.0.106
CBPDCNNL-N09IRH2-RT01;10.89.0.33
CBPDCNNL-N09IRH2-RT02;10.89.0.34
CBPDCNNL-N48GE2B-RT01;10.88.0.95
CBPDCNNL-N48GE2B-RT02;10.88.0.96
CBPDCNNL-N48GE2C-RT01;10.88.0.33
CBPDCNNL-N48GE2C-RT02;10.88.0.34
CBPDCNSP-N09IRH1-RT01;10.89.0.11
CBPDCNSP-N09IRH1-RT02;10.89.0.12
CBPDCNSP-N09IRH2-RT01;10.89.0.13
CBPDCNSP-N09IRH2-RT02;10.89.0.14
CBPDCNSP-N48GE2B-RT01;10.88.0.11
CBPDCNSP-N48GE2B-RT02;10.88.0.12
CBPDCNSP-N48GE2C-RT01;10.88.0.13
CBPDCNSP-N48GE2C-RT02;10.88.0.14
CBSDCNCL-N09IRS1-RT01;10.89.4.12
CBSDCNCL-N09IRS1-RT02;10.89.4.13
CBSDCNDL-N09IRS1-RT01;10.89.4.14
CBSDCNDL-N09IRS1-RT02;10.89.4.35
CBSDCNDL-N09IRS1-RT03;10.89.4.36
CBSDCNDO-N09IRS1-OTV-01;10.89.4.15
CBSDCNDO-N09IRS1-OTV-02;10.89.4.37
CBSDCNDO-N09IRS1-OTV-03;10.89.4.38
CBSDCNDO-N09IRS1-RT01;10.89.4.21
CBSDCNDO-N09IRS1-RT02;10.89.4.22
CBSDCNDO-N09IRS1-RT03;10.89.4.23
CBSDCNDR-N09IRS1-RT01;10.89.4.16
CBSDCNDR-N09IRS1-RT02;10.89.4.39
CBSDCNDR-N09IRS1-RT03;10.89.4.40
CBSDCNFL-N09IRS1-RT01;10.89.4.33
CBSDCNFL-N09IRS1-RT02;10.89.4.34
CBSDCNSP-N09IRS1-RT01;10.89.4.11
CBSDCNSP-N09IRS1-RT02;10.89.4.31
CBSDCNSP-N09IRS1-RT03;10.89.4.32
